Id,Type,DeviceId,DiskId,CpuId,GpuId,Date,Temperature,OverallUsage,MemoryUsage
1,CPU temp,63,,25,,12/10/2024 00:40:09,91.12138,38.539562,
2,CPU temp,46,,77,,12/10/2024 00:40:09,6.306973,89.48449,
3,CPU temp,61,,49,,12/10/2024 00:40:09,25.759937,88.56779,
4,CPU temp,96,,38,,12/10/2024 00:40:09,39.51331,50.706078,
5,CPU temp,61,,18,,12/10/2024 00:40:09,34.162205,69.30722,
6,CPU temp,77,,84,,12/10/2024 00:40:09,98.88017,66.91425,
7,CPU temp,66,,33,,12/10/2024 00:40:09,96.31812,43.610718,
8,CPU temp,35,,56,,12/10/2024 00:40:09,14.644644,82.61577,
9,CPU temp,27,,92,,12/10/2024 00:40:09,79.76516,99.10654,
10,CPU temp,69,,58,,12/10/2024 00:40:09,75.453766,93.61453,
11,CPU temp,35,,84,,12/10/2024 00:40:09,20.554787,25.696632,
12,CPU temp,41,,6,,12/10/2024 00:40:09,77.79766,65.392654,
13,CPU temp,19,,24,,12/10/2024 00:40:09,87.37364,72.58939,
14,CPU temp,13,,30,,12/10/2024 00:40:09,98.22614,51.421227,
15,CPU temp,61,,26,,12/10/2024 00:40:09,63.70866,9.108062,
16,CPU temp,77,,39,,12/10/2024 00:40:09,7.255856,52.26079,
17,CPU temp,13,,92,,12/10/2024 00:40:09,95.45804,43.156948,
18,CPU temp,15,,64,,12/10/2024 00:40:09,57.719364,22.120663,
19,CPU temp,98,,21,,12/10/2024 00:40:09,8.230452,13.662353,
20,CPU temp,26,,97,,12/10/2024 00:40:09,35.48658,87.375145,
21,CPU temp,47,,14,,12/10/2024 00:40:09,94.57127,47.731773,
22,CPU temp,29,,10,,12/10/2024 00:40:09,49.996128,98.77957,
23,CPU temp,2,,74,,12/10/2024 00:40:09,58.487362,50.887363,
24,CPU temp,59,,18,,12/10/2024 00:40:09,42.957153,97.719444,
25,CPU temp,35,,86,,12/10/2024 00:40:09,35.737682,57.479347,
26,CPU temp,7,,36,,12/10/2024 00:40:09,96.730225,49.63099,
27,CPU temp,45,,92,,12/10/2024 00:40:09,96.609665,17.55725,
28,CPU temp,47,,71,,12/10/2024 00:40:09,48.44469,8.431849,
29,CPU temp,87,,37,,12/10/2024 00:40:09,67.93095,0.16232793,
30,CPU temp,62,,96,,12/10/2024 00:40:09,34.32543,40.177803,
31,CPU temp,6,,63,,12/10/2024 00:40:09,71.91498,86.67853,
32,CPU temp,41,,92,,12/10/2024 00:40:09,30.354416,60.1956,
33,CPU temp,7,,2,,12/10/2024 00:40:09,22.452543,48.363014,
34,CPU temp,80,,77,,12/10/2024 00:40:09,64.8771,78.11815,
35,CPU temp,44,,91,,12/10/2024 00:40:09,6.2323318,82.78927,
36,CPU temp,76,,72,,12/10/2024 00:40:09,84.381966,65.805534,
37,CPU temp,28,,38,,12/10/2024 00:40:09,39.30792,63.23838,
38,CPU temp,38,,72,,12/10/2024 00:40:09,90.862,31.029573,
39,CPU temp,14,,72,,12/10/2024 00:40:09,99.32998,13.359994,
40,CPU temp,27,,7,,12/10/2024 00:40:09,2.5581632,78.1274,
41,CPU temp,68,,79,,12/10/2024 00:40:09,55.3343,45.61528,
42,CPU temp,80,,30,,12/10/2024 00:40:09,84.65671,29.65622,
43,CPU temp,78,,52,,12/10/2024 00:40:09,26.067493,50.097027,
44,CPU temp,87,,34,,12/10/2024 00:40:09,71.25334,32.003483,
45,CPU temp,33,,74,,12/10/2024 00:40:09,8.306937,68.726974,
46,CPU temp,1,,27,,12/10/2024 00:40:09,1.5215906,22.76464,
47,CPU temp,33,,51,,12/10/2024 00:40:09,76.31426,0.3054255,
48,CPU temp,41,,45,,12/10/2024 00:40:09,91.33628,4.558454,
49,CPU temp,14,,80,,12/10/2024 00:40:09,61.5219,79.4105,
50,CPU temp,25,,77,,12/10/2024 00:40:09,56.83696,48.512527,
51,CPU temp,31,,58,,12/10/2024 00:40:09,3.5486827,58.373177,
52,CPU temp,70,,81,,12/10/2024 00:40:09,47.938976,47.74179,
53,CPU temp,58,,5,,12/10/2024 00:40:09,22.183777,97.576584,
54,CPU temp,44,,54,,12/10/2024 00:40:09,68.27598,6.6221704,
55,CPU temp,74,,71,,12/10/2024 00:40:09,44.106796,53.5893,
56,CPU temp,81,,15,,12/10/2024 00:40:09,88.9335,28.66949,
57,CPU temp,10,,8,,12/10/2024 00:40:09,7.7532854,49.404263,
58,CPU temp,46,,84,,12/10/2024 00:40:09,86.429726,18.629454,
59,CPU temp,79,,72,,12/10/2024 00:40:09,36.294537,53.591465,
60,CPU temp,88,,68,,12/10/2024 00:40:09,5.3928933,95.463585,
61,CPU temp,80,,25,,12/10/2024 00:40:09,88.82094,83.95566,
62,CPU temp,11,,37,,12/10/2024 00:40:09,41.992928,92.23482,
63,CPU temp,15,,4,,12/10/2024 00:40:09,94.19642,4.9415917,
64,CPU temp,54,,53,,12/10/2024 00:40:09,57.28459,52.428185,
65,CPU temp,13,,51,,12/10/2024 00:40:09,11.539682,52.818577,
66,CPU temp,26,,54,,12/10/2024 00:40:09,52.174046,40.880554,
67,CPU temp,21,,14,,12/10/2024 00:40:09,5.844558,97.54305,
68,CPU temp,48,,7,,12/10/2024 00:40:09,54.115543,16.181026,
69,CPU temp,93,,65,,12/10/2024 00:40:09,21.8809,37.790092,
70,CPU temp,74,,65,,12/10/2024 00:40:09,52.136547,58.210842,
71,CPU temp,55,,7,,12/10/2024 00:40:09,51.21563,76.35017,
72,CPU temp,38,,48,,12/10/2024 00:40:09,31.024342,80.166374,
73,CPU temp,58,,39,,12/10/2024 00:40:09,54.487656,61.159348,
74,CPU temp,9,,48,,12/10/2024 00:40:09,94.26999,63.77054,
75,CPU temp,49,,91,,12/10/2024 00:40:09,55.51199,89.120575,
76,CPU temp,6,,90,,12/10/2024 00:40:09,85.42482,82.808846,
77,CPU temp,13,,27,,12/10/2024 00:40:09,47.700558,61.881077,
78,CPU temp,15,,80,,12/10/2024 00:40:09,43.59569,32.28993,
79,CPU temp,30,,51,,12/10/2024 00:40:09,16.256964,89.592995,
80,CPU temp,66,,21,,12/10/2024 00:40:09,98.19,7.3972507,
81,CPU temp,42,,5,,12/10/2024 00:40:09,24.323418,20.911476,
82,CPU temp,49,,85,,12/10/2024 00:40:09,25.13551,93.096634,
83,CPU temp,76,,9,,12/10/2024 00:40:09,94.314835,57.558826,
84,CPU temp,52,,94,,12/10/2024 00:40:09,3.888558,8.747701,
85,CPU temp,34,,34,,12/10/2024 00:40:09,3.3901138,60.984856,
86,CPU temp,4,,59,,12/10/2024 00:40:09,57.356842,0.2951646,
87,CPU temp,41,,27,,12/10/2024 00:40:09,57.170334,14.555283,
88,CPU temp,9,,90,,12/10/2024 00:40:09,25.145947,76.66082,
89,CPU temp,34,,96,,12/10/2024 00:40:09,41.880974,72.32225,
90,CPU temp,99,,15,,12/10/2024 00:40:09,6.0856075,98.25215,
91,CPU temp,35,,58,,12/10/2024 00:40:10,22.382841,53.268818,
92,CPU temp,13,,70,,12/10/2024 00:40:10,15.068169,23.506641,
93,CPU temp,98,,85,,12/10/2024 00:40:10,44.582764,30.435959,
94,CPU temp,11,,46,,12/10/2024 00:40:10,8.237109,71.9341,
95,CPU temp,95,,72,,12/10/2024 00:40:10,43.3213,19.991379,
96,CPU temp,30,,47,,12/10/2024 00:40:10,18.774443,85.03187,
97,CPU temp,18,,75,,12/10/2024 00:40:10,23.607565,7.575354,
98,CPU temp,73,,66,,12/10/2024 00:40:10,86.187126,85.856834,
99,CPU temp,13,,51,,12/10/2024 00:40:10,53.275505,22.525738,
100,CPU temp,32,,46,,12/10/2024 00:40:10,52.95443,26.474705,
101,CPU temp,32,,66,,12/10/2024 00:40:10,86.84208,95.657974,
102,CPU temp,92,,59,,12/10/2024 00:40:10,67.19103,93.89778,
103,CPU temp,78,,8,,12/10/2024 00:40:10,24.207361,65.30511,
104,CPU temp,85,,98,,12/10/2024 00:40:10,50.074024,30.99472,
105,CPU temp,46,,26,,12/10/2024 00:40:10,59.41297,17.158443,
106,CPU temp,23,,9,,12/10/2024 00:40:10,56.86521,83.78612,
107,CPU temp,59,,53,,12/10/2024 00:40:10,40.51804,8.312484,
108,CPU temp,86,,21,,12/10/2024 00:40:10,59.463196,82.71459,
109,CPU temp,63,,55,,12/10/2024 00:40:10,11.786389,32.413498,
110,CPU temp,3,,36,,12/10/2024 00:40:10,49.830196,83.35993,
111,CPU temp,46,,97,,12/10/2024 00:40:10,27.445406,10.446085,
112,CPU temp,84,,42,,12/10/2024 00:40:10,1.4696829,91.62044,
113,CPU temp,59,,54,,12/10/2024 00:40:10,53.150696,17.94064,
114,CPU temp,27,,63,,12/10/2024 00:40:10,92.257126,21.69742,
115,CPU temp,45,,78,,12/10/2024 00:40:10,26.343296,48.55685,
116,CPU temp,90,,73,,12/10/2024 00:40:10,72.96183,67.98854,
117,CPU temp,87,,61,,12/10/2024 00:40:10,50.1727,96.89539,
118,CPU temp,50,,40,,12/10/2024 00:40:10,49.016376,19.225178,
119,CPU temp,79,,64,,12/10/2024 00:40:10,35.164024,84.20626,
120,CPU temp,14,,52,,12/10/2024 00:40:10,74.63901,89.06086,
121,CPU temp,92,,20,,12/10/2024 00:40:10,60.491962,33.707394,
122,CPU temp,58,,31,,12/10/2024 00:40:10,83.9641,24.017172,
123,CPU temp,28,,84,,12/10/2024 00:40:10,98.18447,65.46131,
124,CPU temp,29,,7,,12/10/2024 00:40:10,67.5103,90.08186,
125,CPU temp,96,,30,,12/10/2024 00:40:10,19.697197,62.35649,
126,CPU temp,68,,96,,12/10/2024 00:40:10,78.06536,78.58379,
127,CPU temp,3,,71,,12/10/2024 00:40:10,45.617134,60.031967,
128,CPU temp,96,,2,,12/10/2024 00:40:10,37.259365,85.19001,
129,CPU temp,16,,43,,12/10/2024 00:40:10,3.2362309,26.702538,
130,CPU temp,81,,93,,12/10/2024 00:40:10,67.44964,69.55699,
131,CPU temp,73,,91,,12/10/2024 00:40:10,85.816574,64.00096,
132,CPU temp,20,,45,,12/10/2024 00:40:10,0.84542954,59.620884,
133,CPU temp,99,,5,,12/10/2024 00:40:10,50.339645,22.971035,
134,CPU temp,23,,95,,12/10/2024 00:40:10,49.870174,37.144184,
135,CPU temp,43,,62,,12/10/2024 00:40:10,71.943596,15.708954,
136,CPU temp,66,,28,,12/10/2024 00:40:10,72.93332,43.35267,
137,CPU temp,7,,42,,12/10/2024 00:40:10,1.029983,24.14885,
138,CPU temp,51,,24,,12/10/2024 00:40:10,36.564434,62.310524,
139,CPU temp,32,,84,,12/10/2024 00:40:10,59.65612,56.950512,
140,CPU temp,2,,79,,12/10/2024 00:40:10,78.47671,82.700134,
141,CPU temp,11,,18,,12/10/2024 00:40:10,92.898,56.717724,
142,CPU temp,7,,8,,12/10/2024 00:40:10,85.5374,95.432335,
143,CPU temp,15,,37,,12/10/2024 00:40:10,69.90248,15.124315,
144,CPU temp,5,,67,,12/10/2024 00:40:10,87.7977,30.484589,
145,CPU temp,73,,94,,12/10/2024 00:40:10,88.79233,49.180172,
146,CPU temp,21,,59,,12/10/2024 00:40:10,45.036987,79.655495,
147,CPU temp,26,,5,,12/10/2024 00:40:10,94.04561,4.3270197,
148,CPU temp,28,,86,,12/10/2024 00:40:10,90.45342,11.004808,
149,CPU temp,63,,66,,12/10/2024 00:40:10,87.65316,55.781887,
150,CPU temp,57,,44,,12/10/2024 00:40:10,82.23981,10.615506,
151,CPU temp,29,,60,,12/10/2024 00:40:10,20.07698,72.01494,
152,CPU temp,41,,39,,12/10/2024 00:40:10,9.274755,34.7669,
153,CPU temp,20,,6,,12/10/2024 00:40:10,79.6936,82.31701,
154,CPU temp,36,,66,,12/10/2024 00:40:10,70.13739,90.26989,
155,CPU temp,71,,93,,12/10/2024 00:40:10,32.960537,57.190807,
156,CPU temp,72,,71,,12/10/2024 00:40:10,40.98438,44.830925,
157,CPU temp,80,,74,,12/10/2024 00:40:10,77.33055,31.086243,
158,CPU temp,28,,60,,12/10/2024 00:40:10,96.83376,65.01627,
159,CPU temp,26,,71,,12/10/2024 00:40:10,93.993,13.793757,
160,CPU temp,16,,70,,12/10/2024 00:40:10,17.802416,7.6349797,
161,CPU temp,3,,29,,12/10/2024 00:40:10,17.971859,31.477306,
162,CPU temp,18,,78,,12/10/2024 00:40:10,26.63695,7.426825,
163,CPU temp,65,,78,,12/10/2024 00:40:10,62.436546,88.698296,
164,CPU temp,55,,3,,12/10/2024 00:40:10,81.5966,23.426445,
165,CPU temp,69,,77,,12/10/2024 00:40:10,53.77861,24.073011,
166,CPU temp,83,,35,,12/10/2024 00:40:10,9.671959,3.2913008,
167,CPU temp,3,,33,,12/10/2024 00:40:10,86.59153,78.40209,
168,CPU temp,95,,34,,12/10/2024 00:40:10,67.72571,61.62879,
169,CPU temp,13,,78,,12/10/2024 00:40:10,7.4277267,47.826797,
170,CPU temp,2,,54,,12/10/2024 00:40:10,83.79185,68.81942,
171,CPU temp,68,,28,,12/10/2024 00:40:10,21.965729,22.421099,
172,CPU temp,48,,24,,12/10/2024 00:40:10,22.017324,22.895285,
173,CPU temp,58,,39,,12/10/2024 00:40:10,87.59752,76.090576,
174,CPU temp,42,,36,,12/10/2024 00:40:10,49.787636,6.1553965,
175,CPU temp,35,,12,,12/10/2024 00:40:10,12.628792,87.99773,
176,CPU temp,36,,50,,12/10/2024 00:40:10,27.547043,10.673465,
177,CPU temp,23,,60,,12/10/2024 00:40:10,14.687075,53.31077,
178,CPU temp,93,,24,,12/10/2024 00:40:10,44.99407,55.520084,
179,CPU temp,19,,2,,12/10/2024 00:40:10,33.433525,41.733776,
180,CPU temp,27,,61,,12/10/2024 00:40:10,37.77684,17.62309,
181,CPU temp,71,,29,,12/10/2024 00:40:10,55.444653,66.73565,
182,CPU temp,36,,44,,12/10/2024 00:40:10,88.45275,91.43627,
183,CPU temp,87,,77,,12/10/2024 00:40:10,42.19298,49.095036,
184,CPU temp,22,,33,,12/10/2024 00:40:10,73.213844,35.67701,
185,CPU temp,43,,13,,12/10/2024 00:40:10,91.251274,68.327995,
186,CPU temp,75,,38,,12/10/2024 00:40:10,72.39122,87.858055,
187,CPU temp,51,,63,,12/10/2024 00:40:10,91.47326,63.157444,
188,CPU temp,13,,4,,12/10/2024 00:40:10,47.255863,9.559342,
189,CPU temp,70,,86,,12/10/2024 00:40:10,72.30976,47.661022,
190,CPU temp,53,,77,,12/10/2024 00:40:10,18.853346,70.39814,
191,CPU temp,94,,87,,12/10/2024 00:40:10,58.917683,45.3094,
192,CPU temp,57,,61,,12/10/2024 00:40:10,61.337944,16.349184,
193,CPU temp,93,,38,,12/10/2024 00:40:10,73.38342,98.367935,
194,CPU temp,60,,67,,12/10/2024 00:40:10,47.3591,27.06949,
195,CPU temp,49,,42,,12/10/2024 00:40:10,86.17409,91.21472,
196,CPU temp,45,,75,,12/10/2024 00:40:10,29.891619,87.2835,
197,CPU temp,41,,16,,12/10/2024 00:40:10,31.224682,95.25169,
198,CPU temp,43,,3,,12/10/2024 00:40:10,20.439312,14.390565,
199,CPU temp,99,,13,,12/10/2024 00:40:10,35.564217,43.457054,
200,CPU temp,27,,66,,12/10/2024 00:40:10,24.335867,18.891865,
201,CPU temp,19,,68,,12/10/2024 00:40:10,93.29108,52.414967,
202,CPU temp,86,,44,,12/10/2024 00:40:10,22.63886,36.5384,
203,CPU temp,8,,95,,12/10/2024 00:40:10,44.05708,56.95628,
204,CPU temp,23,,44,,12/10/2024 00:40:10,69.827965,30.13251,
205,CPU temp,2,,83,,12/10/2024 00:40:11,88.36418,78.04341,
206,CPU temp,34,,72,,12/10/2024 00:40:11,28.035141,30.066181,
207,CPU temp,5,,75,,12/10/2024 00:40:11,11.1818695,30.766468,
208,CPU temp,2,,19,,12/10/2024 00:40:11,93.59883,9.859646,
209,CPU temp,52,,85,,12/10/2024 00:40:11,32.637054,69.04794,
210,CPU temp,97,,38,,12/10/2024 00:40:11,74.411644,47.410675,
211,CPU temp,44,,7,,12/10/2024 00:40:11,22.462954,7.486963,
212,CPU temp,72,,86,,12/10/2024 00:40:11,88.25409,97.29715,
213,CPU temp,81,,25,,12/10/2024 00:40:11,84.39205,47.54746,
214,CPU temp,3,,37,,12/10/2024 00:40:11,10.646157,7.6812468,
215,CPU temp,52,,43,,12/10/2024 00:40:11,70.1167,85.98308,
216,CPU temp,16,,21,,12/10/2024 00:40:11,93.906364,44.886017,
217,CPU temp,53,,80,,12/10/2024 00:40:11,16.928646,15.655966,
218,CPU temp,51,,72,,12/10/2024 00:40:11,66.8048,26.245237,
219,CPU temp,88,,17,,12/10/2024 00:40:11,57.98113,9.238741,
220,CPU temp,82,,68,,12/10/2024 00:40:11,23.26007,48.69888,
221,CPU temp,1,,66,,12/10/2024 00:40:11,33.05405,69.78768,
222,CPU temp,75,,57,,12/10/2024 00:40:11,8.319747,38.032284,
223,CPU temp,49,,84,,12/10/2024 00:40:11,79.47308,59.647488,
224,CPU temp,64,,61,,12/10/2024 00:40:11,60.443844,46.68046,
225,CPU temp,9,,9,,12/10/2024 00:40:11,57.45701,61.563114,
226,CPU temp,92,,31,,12/10/2024 00:40:11,91.974014,65.44375,
227,CPU temp,55,,59,,12/10/2024 00:40:11,18.405602,37.48884,
228,CPU temp,10,,4,,12/10/2024 00:40:11,31.079294,6.8941293,
229,CPU temp,36,,2,,12/10/2024 00:40:11,35.377792,57.029934,
230,CPU temp,31,,97,,12/10/2024 00:40:11,45.593006,53.29346,
231,CPU temp,30,,12,,12/10/2024 00:40:11,84.390305,17.74193,
232,CPU temp,8,,49,,12/10/2024 00:40:11,83.33343,25.885607,
233,CPU temp,18,,19,,12/10/2024 00:40:11,38.161247,35.015972,
234,CPU temp,91,,90,,12/10/2024 00:40:11,58.710247,77.687965,
235,CPU temp,92,,39,,12/10/2024 00:40:11,93.23345,85.83091,
236,CPU temp,76,,42,,12/10/2024 00:40:11,49.097214,38.59898,
237,CPU temp,37,,34,,12/10/2024 00:40:11,29.301147,98.548874,
238,CPU temp,63,,26,,12/10/2024 00:40:11,7.0757747,69.131714,
239,CPU temp,37,,8,,12/10/2024 00:40:11,14.3289385,7.615169,
240,CPU temp,46,,90,,12/10/2024 00:40:11,16.493515,2.0976758,
241,CPU temp,66,,72,,12/10/2024 00:40:11,26.550562,96.76544,
242,CPU temp,54,,94,,12/10/2024 00:40:11,9.888419,25.569721,
243,CPU temp,70,,66,,12/10/2024 00:40:11,14.535142,44.134453,
244,CPU temp,52,,5,,12/10/2024 00:40:11,12.348311,57.043613,
245,CPU temp,87,,85,,12/10/2024 00:40:11,78.95408,7.307328,
246,CPU temp,36,,67,,12/10/2024 00:40:11,43.785145,20.63939,
247,CPU temp,90,,38,,12/10/2024 00:40:11,51.149906,5.9528055,
248,CPU temp,51,,55,,12/10/2024 00:40:11,76.0436,18.254976,
249,CPU temp,37,,88,,12/10/2024 00:40:11,14.207518,31.659441,
250,CPU temp,94,,6,,12/10/2024 00:40:11,37.88551,61.147953,
251,CPU temp,52,,53,,12/10/2024 00:40:11,58.351128,6.146638,
252,CPU temp,95,,37,,12/10/2024 00:40:11,8.102868,3.337211,
253,CPU temp,4,,18,,12/10/2024 00:40:11,66.95549,43.008957,
254,CPU temp,63,,6,,12/10/2024 00:40:11,9.770531,77.729836,
255,CPU temp,2,,43,,12/10/2024 00:40:11,36.443935,17.21992,
256,CPU temp,18,,27,,12/10/2024 00:40:11,81.93009,44.331074,
257,CPU temp,69,,61,,12/10/2024 00:40:11,50.22944,52.629528,
258,CPU temp,5,,82,,12/10/2024 00:40:11,89.02457,88.126625,
259,CPU temp,60,,39,,12/10/2024 00:40:11,23.847317,60.042374,
260,CPU temp,86,,34,,12/10/2024 00:40:11,3.2940562,38.871216,
261,CPU temp,32,,63,,12/10/2024 00:40:11,91.41844,86.63228,
262,CPU temp,47,,80,,12/10/2024 00:40:11,63.70185,60.14416,
263,CPU temp,92,,95,,12/10/2024 00:40:11,32.07662,42.075714,
264,CPU temp,48,,43,,12/10/2024 00:40:11,59.315617,1.5185556,
265,CPU temp,7,,22,,12/10/2024 00:40:11,92.182816,41.70589,
266,CPU temp,40,,62,,12/10/2024 00:40:11,69.16409,89.5196,
267,CPU temp,76,,46,,12/10/2024 00:40:11,42.96876,12.383878,
268,CPU temp,94,,95,,12/10/2024 00:40:11,23.032495,58.0094,
269,CPU temp,95,,99,,12/10/2024 00:40:11,65.00906,74.626175,
270,CPU temp,27,,18,,12/10/2024 00:40:11,31.436962,58.48033,
271,CPU temp,12,,31,,12/10/2024 00:40:11,45.365852,25.719273,
272,CPU temp,29,,73,,12/10/2024 00:40:11,75.80449,58.673527,
273,CPU temp,76,,91,,12/10/2024 00:40:11,76.40321,5.2294574,
274,CPU temp,40,,92,,12/10/2024 00:40:11,40.0655,37.103683,
275,CPU temp,96,,6,,12/10/2024 00:40:11,71.68101,34.249393,
276,CPU temp,22,,72,,12/10/2024 00:40:11,8.386905,24.616493,
277,CPU temp,34,,18,,12/10/2024 00:40:11,47.92321,51.710968,
278,CPU temp,7,,43,,12/10/2024 00:40:11,10.339185,46.143612,
279,CPU temp,16,,96,,12/10/2024 00:40:11,24.461119,70.29622,
280,CPU temp,70,,19,,12/10/2024 00:40:11,90.38538,47.06597,
281,CPU temp,15,,14,,12/10/2024 00:40:11,78.89582,47.528683,
282,CPU temp,42,,47,,12/10/2024 00:40:11,35.746273,28.565884,
283,CPU temp,94,,92,,12/10/2024 00:40:11,77.61838,42.181824,
284,CPU temp,38,,41,,12/10/2024 00:40:11,41.585155,10.160543,
285,CPU temp,75,,16,,12/10/2024 00:40:11,86.87084,15.237205,
286,CPU temp,76,,28,,12/10/2024 00:40:11,75.18502,24.648867,
287,CPU temp,97,,72,,12/10/2024 00:40:11,58.07077,90.59083,
288,CPU temp,60,,69,,12/10/2024 00:40:11,56.41079,64.42184,
289,CPU temp,14,,7,,12/10/2024 00:40:11,17.276598,87.06593,
290,CPU temp,97,,20,,12/10/2024 00:40:11,17.814226,41.075417,
291,CPU temp,34,,89,,12/10/2024 00:40:11,46.579308,34.637,
292,CPU temp,2,,41,,12/10/2024 00:40:11,11.352065,38.21059,
293,CPU temp,10,,46,,12/10/2024 00:40:11,85.96919,63.929394,
294,CPU temp,97,,25,,12/10/2024 00:40:11,82.61777,70.70208,
295,CPU temp,41,,45,,12/10/2024 00:40:11,21.03365,77.18133,
296,CPU temp,78,,8,,12/10/2024 00:40:11,28.725353,42.96954,
297,CPU temp,61,,58,,12/10/2024 00:40:11,29.450258,80.88378,
298,CPU temp,73,,79,,12/10/2024 00:40:11,96.75496,96.445656,
299,CPU temp,82,,16,,12/10/2024 00:40:11,42.32931,17.23953,
300,CPU temp,81,,30,,12/10/2024 00:40:11,10.991447,98.77301,
301,CPU temp,13,,70,,12/10/2024 00:40:11,76.615395,22.607014,
302,CPU temp,35,,26,,12/10/2024 00:40:11,96.34203,54.081528,
303,CPU temp,72,,50,,12/10/2024 00:40:11,73.6256,85.52372,
304,CPU temp,16,,95,,12/10/2024 00:40:11,12.09019,63.144516,
305,CPU temp,49,,54,,12/10/2024 00:40:11,92.98857,78.285255,
306,CPU temp,1,,60,,12/10/2024 00:40:11,5.764083,77.137886,
307,CPU temp,56,,76,,12/10/2024 00:40:11,42.413624,23.643032,
308,CPU temp,47,,95,,12/10/2024 00:40:11,88.926704,37.515903,
309,CPU temp,32,,4,,12/10/2024 00:40:11,55.605293,21.202839,
310,CPU temp,95,,92,,12/10/2024 00:40:11,35.335773,63.964596,
311,CPU temp,85,,22,,12/10/2024 00:40:11,82.23804,50.66771,
312,CPU temp,90,,58,,12/10/2024 00:40:11,67.767235,54.057865,
313,CPU temp,76,,53,,12/10/2024 00:40:11,76.85536,9.133293,
314,CPU temp,2,,16,,12/10/2024 00:40:12,27.96615,16.330881,
315,CPU temp,3,,86,,12/10/2024 00:40:12,23.303305,62.73463,
316,CPU temp,31,,87,,12/10/2024 00:40:12,48.4542,85.22509,
317,CPU temp,7,,65,,12/10/2024 00:40:12,89.11052,51.09621,
318,CPU temp,94,,81,,12/10/2024 00:40:12,16.248257,46.702835,
319,CPU temp,65,,63,,12/10/2024 00:40:12,54.00873,37.258045,
320,CPU temp,8,,28,,12/10/2024 00:40:12,58.433025,94.56844,
321,CPU temp,11,,3,,12/10/2024 00:40:12,40.329647,9.729355,
322,CPU temp,28,,18,,12/10/2024 00:40:12,38.965134,48.129276,
323,CPU temp,27,,9,,12/10/2024 00:40:12,62.53783,52.0189,
324,CPU temp,84,,3,,12/10/2024 00:40:12,98.83774,23.664366,
325,CPU temp,66,,39,,12/10/2024 00:40:12,32.477634,44.61051,
326,CPU temp,96,,43,,12/10/2024 00:40:12,91.463264,13.903972,
327,CPU temp,67,,3,,12/10/2024 00:40:12,84.09119,13.18266,
328,CPU temp,20,,27,,12/10/2024 00:40:12,37.329453,78.611946,
329,CPU temp,30,,62,,12/10/2024 00:40:12,42.644833,77.25833,
330,CPU temp,61,,19,,12/10/2024 00:40:12,76.809746,54.338097,
331,CPU temp,43,,48,,12/10/2024 00:40:12,20.17114,61.6257,
332,CPU temp,93,,61,,12/10/2024 00:40:12,42.383026,99.56513,
333,CPU temp,22,,89,,12/10/2024 00:40:12,48.060104,74.68993,
334,CPU temp,79,,66,,12/10/2024 00:40:12,27.254383,78.21473,
335,CPU temp,87,,95,,12/10/2024 00:40:12,70.39592,35.748962,
336,CPU temp,98,,53,,12/10/2024 00:40:12,3.4415672,53.38557,
337,CPU temp,53,,73,,12/10/2024 00:40:12,40.78116,6.3552623,
338,CPU temp,75,,48,,12/10/2024 00:40:12,46.049465,87.18045,
339,CPU temp,93,,52,,12/10/2024 00:40:12,87.352356,93.410095,
340,CPU temp,48,,44,,12/10/2024 00:40:12,4.536032,82.87813,
341,CPU temp,34,,33,,12/10/2024 00:40:12,32.76118,24.585203,
342,CPU temp,23,,34,,12/10/2024 00:40:12,35.458122,14.289263,
343,CPU temp,14,,99,,12/10/2024 00:40:12,58.53549,68.636154,
344,CPU temp,30,,31,,12/10/2024 00:40:12,98.398254,0.09577886,
345,CPU temp,19,,45,,12/10/2024 00:40:12,80.64801,71.9971,
346,CPU temp,32,,49,,12/10/2024 00:40:12,8.916353,85.43503,
347,CPU temp,33,,90,,12/10/2024 00:40:12,86.713264,91.88546,
348,CPU temp,17,,76,,12/10/2024 00:40:12,80.78543,10.741405,
349,CPU temp,33,,8,,12/10/2024 00:40:12,47.72462,43.44776,
350,CPU temp,45,,11,,12/10/2024 00:40:12,69.87897,64.188774,
351,CPU temp,33,,83,,12/10/2024 00:40:12,3.6121569,20.848509,
352,CPU temp,2,,19,,12/10/2024 00:40:12,10.732957,69.9108,
353,CPU temp,73,,31,,12/10/2024 00:40:12,37.065617,36.28404,
354,CPU temp,43,,93,,12/10/2024 00:40:12,88.42546,24.499973,
355,CPU temp,52,,43,,12/10/2024 00:40:12,47.719105,19.623814,
356,CPU temp,44,,46,,12/10/2024 00:40:12,1.503009,92.33372,
357,CPU temp,92,,33,,12/10/2024 00:40:12,18.279102,50.844883,
358,CPU temp,38,,33,,12/10/2024 00:40:12,72.28707,15.719413,
359,CPU temp,70,,74,,12/10/2024 00:40:12,33.82533,61.166862,
360,CPU temp,80,,68,,12/10/2024 00:40:12,80.22102,28.99329,
361,CPU temp,84,,4,,12/10/2024 00:40:12,38.084614,50.252586,
362,CPU temp,56,,44,,12/10/2024 00:40:12,39.61382,16.78589,
363,CPU temp,8,,57,,12/10/2024 00:40:12,84.23012,99.77509,
364,CPU temp,56,,57,,12/10/2024 00:40:12,77.42978,46.015484,
365,CPU temp,92,,62,,12/10/2024 00:40:12,46.976475,59.4056,
366,CPU temp,99,,88,,12/10/2024 00:40:12,67.84907,23.537708,
367,CPU temp,4,,64,,12/10/2024 00:40:12,38.413273,40.925728,
368,CPU temp,20,,46,,12/10/2024 00:40:12,37.72382,87.4631,
369,CPU temp,79,,80,,12/10/2024 00:40:12,15.220389,95.56432,
370,CPU temp,15,,88,,12/10/2024 00:40:12,66.1143,42.644997,
371,CPU temp,40,,93,,12/10/2024 00:40:12,19.619326,75.02837,
372,CPU temp,65,,63,,12/10/2024 00:40:12,82.11866,36.96469,
373,CPU temp,61,,23,,12/10/2024 00:40:12,4.5556555,58.36927,
374,CPU temp,14,,99,,12/10/2024 00:40:12,58.357525,45.946285,
375,CPU temp,36,,75,,12/10/2024 00:40:12,91.14486,50.773853,
376,CPU temp,2,,16,,12/10/2024 00:40:12,99.09496,81.35153,
377,CPU temp,66,,52,,12/10/2024 00:40:12,80.87284,60.623245,
378,CPU temp,61,,84,,12/10/2024 00:40:12,18.788515,26.784143,
379,CPU temp,55,,30,,12/10/2024 00:40:12,78.13691,4.907221,
380,CPU temp,97,,55,,12/10/2024 00:40:12,39.084633,51.82873,
381,CPU temp,63,,66,,12/10/2024 00:40:12,33.150105,82.03932,
382,CPU temp,67,,13,,12/10/2024 00:40:12,93.814415,46.30718,
383,CPU temp,73,,41,,12/10/2024 00:40:12,72.909325,44.245045,
384,CPU temp,64,,7,,12/10/2024 00:40:12,96.769485,40.78776,
385,CPU temp,53,,83,,12/10/2024 00:40:12,26.436441,10.241694,
386,CPU temp,32,,15,,12/10/2024 00:40:12,98.85101,23.925177,
387,CPU temp,52,,52,,12/10/2024 00:40:12,60.895023,61.07461,
388,CPU temp,86,,31,,12/10/2024 00:40:12,98.34697,67.803986,
389,CPU temp,31,,22,,12/10/2024 00:40:12,73.51031,92.59906,
390,CPU temp,16,,67,,12/10/2024 00:40:12,42.658897,30.794611,
391,CPU temp,12,,37,,12/10/2024 00:40:12,94.689865,60.379185,
392,CPU temp,17,,85,,12/10/2024 00:40:12,70.956505,54.8305,
393,CPU temp,55,,55,,12/10/2024 00:40:12,35.927795,77.36242,
394,CPU temp,3,,48,,12/10/2024 00:40:12,69.737236,50.774006,
395,CPU temp,86,,1,,12/10/2024 00:40:12,17.57411,11.357133,
396,CPU temp,93,,24,,12/10/2024 00:40:12,20.424433,82.83719,
397,CPU temp,42,,83,,12/10/2024 00:40:12,56.06614,10.859872,
398,CPU temp,71,,51,,12/10/2024 00:40:12,53.98869,82.720184,
399,CPU temp,28,,28,,12/10/2024 00:40:12,51.484226,13.399589,
400,CPU temp,70,,21,,12/10/2024 00:40:12,37.822914,16.43713,
401,CPU temp,15,,37,,12/10/2024 00:40:12,49.70258,42.356064,
402,CPU temp,89,,12,,12/10/2024 00:40:12,48.289722,77.70383,
403,CPU temp,57,,71,,12/10/2024 00:40:12,83.27208,90.04744,
404,CPU temp,36,,20,,12/10/2024 00:40:12,57.057377,67.869125,
405,CPU temp,64,,26,,12/10/2024 00:40:12,15.899679,24.174797,
406,CPU temp,67,,58,,12/10/2024 00:40:12,16.108986,60.796234,
407,CPU temp,44,,26,,12/10/2024 00:40:12,48.642254,13.314957,
408,CPU temp,13,,60,,12/10/2024 00:40:12,87.13835,33.85226,
409,CPU temp,62,,52,,12/10/2024 00:40:12,56.23063,91.68147,
410,CPU temp,4,,89,,12/10/2024 00:40:12,48.674362,13.975614,
411,CPU temp,87,,59,,12/10/2024 00:40:12,12.607398,16.943962,
412,CPU temp,80,,40,,12/10/2024 00:40:12,53.178505,78.75291,
413,CPU temp,61,,51,,12/10/2024 00:40:12,76.28977,10.7173,
414,CPU temp,48,,82,,12/10/2024 00:40:12,59.1464,86.97295,
415,CPU temp,55,,34,,12/10/2024 00:40:12,21.846472,93.029144,
416,CPU temp,59,,14,,12/10/2024 00:40:12,56.01689,89.71914,
417,CPU temp,93,,65,,12/10/2024 00:40:12,29.378796,92.72937,
418,CPU temp,97,,59,,12/10/2024 00:40:12,9.171213,12.273177,
419,CPU temp,69,,95,,12/10/2024 00:40:12,95.560295,49.68726,
420,CPU temp,57,,65,,12/10/2024 00:40:12,1.4249526,75.65788,
421,CPU temp,58,,39,,12/10/2024 00:40:12,41.959457,15.8860445,
422,CPU temp,17,,81,,12/10/2024 00:40:12,79.06604,43.483665,
423,CPU temp,52,,34,,12/10/2024 00:40:12,6.89066,14.926129,
424,CPU temp,70,,59,,12/10/2024 00:40:13,50.585434,12.336233,
425,CPU temp,77,,11,,12/10/2024 00:40:13,91.917305,1.5052806,
426,CPU temp,90,,22,,12/10/2024 00:40:13,83.21447,21.51054,
427,CPU temp,3,,9,,12/10/2024 00:40:13,11.420114,40.52662,
428,CPU temp,82,,85,,12/10/2024 00:40:13,91.71591,31.123322,
429,CPU temp,89,,67,,12/10/2024 00:40:13,17.183111,16.121214,
430,CPU temp,31,,30,,12/10/2024 00:40:13,45.148624,12.263781,
431,CPU temp,5,,33,,12/10/2024 00:40:13,54.584133,35.665558,
432,CPU temp,7,,76,,12/10/2024 00:40:13,9.775821,17.04167,
433,CPU temp,79,,85,,12/10/2024 00:40:13,18.24381,77.43515,
434,CPU temp,43,,94,,12/10/2024 00:40:13,94.033646,25.127335,
435,CPU temp,37,,88,,12/10/2024 00:40:13,23.387424,19.502476,
436,CPU temp,7,,14,,12/10/2024 00:40:13,3.3530018,87.37137,
437,CPU temp,81,,9,,12/10/2024 00:40:13,99.52827,76.24163,
438,CPU temp,74,,68,,12/10/2024 00:40:13,88.92554,83.81049,
439,CPU temp,35,,43,,12/10/2024 00:40:13,20.06057,79.13079,
440,CPU temp,66,,77,,12/10/2024 00:40:13,56.563828,21.405804,
441,CPU temp,72,,66,,12/10/2024 00:40:13,79.66607,20.094141,
442,CPU temp,41,,36,,12/10/2024 00:40:13,50.188747,35.71673,
443,CPU temp,12,,73,,12/10/2024 00:40:13,44.46494,86.62015,
444,CPU temp,25,,84,,12/10/2024 00:40:13,50.42401,57.690643,
445,CPU temp,36,,7,,12/10/2024 00:40:13,15.1299305,14.510889,
446,CPU temp,17,,93,,12/10/2024 00:40:13,74.588165,37.947426,
447,CPU temp,7,,4,,12/10/2024 00:40:13,45.497105,56.529015,
448,CPU temp,93,,4,,12/10/2024 00:40:13,47.515163,99.12689,
449,CPU temp,49,,63,,12/10/2024 00:40:13,41.451324,57.476543,
450,CPU temp,80,,2,,12/10/2024 00:40:13,92.667786,94.15972,
451,CPU temp,2,,12,,12/10/2024 00:40:13,8.294099,82.8311,
452,CPU temp,8,,10,,12/10/2024 00:40:13,19.368801,48.486393,
453,CPU temp,46,,25,,12/10/2024 00:40:13,82.32721,55.438896,
454,CPU temp,75,,11,,12/10/2024 00:40:13,12.668258,40.071445,
455,CPU temp,39,,52,,12/10/2024 00:40:13,91.080666,65.41139,
456,CPU temp,10,,77,,12/10/2024 00:40:13,59.815437,87.47161,
457,CPU temp,18,,53,,12/10/2024 00:40:13,9.895543,96.68096,
458,CPU temp,24,,3,,12/10/2024 00:40:13,86.37526,30.829782,
459,CPU temp,62,,84,,12/10/2024 00:40:13,80.192696,90.63063,
460,CPU temp,38,,45,,12/10/2024 00:40:13,25.214499,95.311554,
461,CPU temp,99,,30,,12/10/2024 00:40:13,29.379547,73.34062,
462,CPU temp,80,,6,,12/10/2024 00:40:13,76.25106,21.80317,
463,CPU temp,91,,76,,12/10/2024 00:40:13,38.250443,75.92421,
464,CPU temp,71,,80,,12/10/2024 00:40:13,37.134937,17.67681,
465,CPU temp,74,,90,,12/10/2024 00:40:13,46.19,29.516277,
466,CPU temp,42,,32,,12/10/2024 00:40:13,82.27777,13.77395,
467,CPU temp,73,,54,,12/10/2024 00:40:13,51.22569,48.637783,
468,CPU temp,94,,11,,12/10/2024 00:40:13,84.42107,61.427704,
469,CPU temp,81,,83,,12/10/2024 00:40:13,87.2335,9.664844,
470,CPU temp,12,,92,,12/10/2024 00:40:13,94.90298,33.785645,
471,CPU temp,67,,84,,12/10/2024 00:40:13,26.382513,57.300655,
472,CPU temp,4,,35,,12/10/2024 00:40:13,86.324646,86.195175,
473,CPU temp,25,,59,,12/10/2024 00:40:13,96.51242,81.034584,
474,CPU temp,15,,2,,12/10/2024 00:40:13,84.75001,65.63882,
475,CPU temp,54,,64,,12/10/2024 00:40:13,25.712906,9.932243,
476,CPU temp,6,,79,,12/10/2024 00:40:13,54.33272,69.968376,
477,CPU temp,68,,42,,12/10/2024 00:40:13,56.331573,91.0457,
478,CPU temp,8,,6,,12/10/2024 00:40:13,3.4972684,66.66082,
479,CPU temp,12,,97,,12/10/2024 00:40:13,0.20752758,57.420773,
480,CPU temp,4,,44,,12/10/2024 00:40:13,27.008307,49.182133,
481,CPU temp,59,,81,,12/10/2024 00:40:13,67.049675,13.077445,
482,CPU temp,27,,61,,12/10/2024 00:40:13,25.841839,36.236103,
483,CPU temp,96,,81,,12/10/2024 00:40:13,67.277405,37.796387,
484,CPU temp,76,,55,,12/10/2024 00:40:13,14.12142,94.424515,
485,CPU temp,48,,4,,12/10/2024 00:40:13,13.326825,48.890545,
486,CPU temp,6,,25,,12/10/2024 00:40:13,72.74819,31.038185,
487,CPU temp,37,,17,,12/10/2024 00:40:13,97.3411,93.29796,
488,CPU temp,29,,51,,12/10/2024 00:40:13,3.122143,25.391031,
489,CPU temp,28,,95,,12/10/2024 00:40:13,94.85765,5.03683,
490,CPU temp,56,,14,,12/10/2024 00:40:13,87.11292,89.88749,
491,CPU temp,86,,58,,12/10/2024 00:40:13,98.525734,12.607918,
492,CPU temp,34,,33,,12/10/2024 00:40:13,67.17008,50.27487,
493,CPU temp,99,,88,,12/10/2024 00:40:13,27.588327,78.42552,
494,CPU temp,88,,21,,12/10/2024 00:40:13,51.325645,42.311546,
495,CPU temp,86,,91,,12/10/2024 00:40:13,53.484455,4.1465583,
496,CPU temp,60,,26,,12/10/2024 00:40:13,6.4082975,86.64866,
497,CPU temp,87,,33,,12/10/2024 00:40:13,30.078003,1.8617697,
498,CPU temp,69,,23,,12/10/2024 00:40:13,17.256168,38.404778,
499,CPU temp,39,,78,,12/10/2024 00:40:13,90.56186,6.840981,
500,CPU temp,87,,53,,12/10/2024 00:40:13,24.429539,59.258976,
501,CPU temp,57,,38,,12/10/2024 00:40:13,89.196724,4.097625,
502,CPU temp,47,,21,,12/10/2024 00:40:13,30.446728,74.574615,
503,CPU temp,13,,68,,12/10/2024 00:40:13,83.1067,96.95431,
504,CPU temp,86,,26,,12/10/2024 00:40:13,3.7383482,19.402884,
505,CPU temp,68,,50,,12/10/2024 00:40:13,86.576614,97.152145,
506,CPU temp,95,,54,,12/10/2024 00:40:13,18.947311,52.52783,
507,CPU temp,88,,19,,12/10/2024 00:40:13,37.40335,97.10359,
508,CPU temp,46,,5,,12/10/2024 00:40:13,31.443027,42.256126,
509,CPU temp,24,,2,,12/10/2024 00:40:13,56.097263,64.81868,
510,CPU temp,94,,63,,12/10/2024 00:40:13,0.28395796,14.112834,
511,CPU temp,87,,6,,12/10/2024 00:40:13,85.558975,52.31025,
512,CPU temp,67,,70,,12/10/2024 00:40:13,98.81355,51.08202,
513,CPU temp,73,,84,,12/10/2024 00:40:13,83.955154,22.456144,
514,CPU temp,44,,53,,12/10/2024 00:40:13,20.977968,44.773396,
515,CPU temp,40,,93,,12/10/2024 00:40:13,5.3496885,50.517963,
516,CPU temp,10,,32,,12/10/2024 00:40:13,39.616512,57.917225,
517,CPU temp,37,,50,,12/10/2024 00:40:13,36.790733,37.3949,
518,CPU temp,55,,95,,12/10/2024 00:40:13,61.007103,28.629662,
519,CPU temp,99,,36,,12/10/2024 00:40:13,2.67197,4.144884,
520,CPU temp,48,,90,,12/10/2024 00:40:13,13.693343,71.9785,
521,CPU temp,12,,83,,12/10/2024 00:40:13,63.06161,96.17741,
522,CPU temp,13,,87,,12/10/2024 00:40:13,25.864853,85.41657,
523,CPU temp,46,,1,,12/10/2024 00:40:13,56.622208,74.11501,
524,CPU temp,37,,66,,12/10/2024 00:40:13,69.30558,25.39956,
525,CPU temp,69,,54,,12/10/2024 00:40:13,33.56885,52.68526,
526,CPU temp,7,,21,,12/10/2024 00:40:13,4.9239306,61.016632,
527,CPU temp,89,,23,,12/10/2024 00:40:13,25.029978,75.51774,
528,CPU temp,16,,23,,12/10/2024 00:40:13,85.067635,21.289745,
529,CPU temp,41,,80,,12/10/2024 00:40:13,26.965359,79.07669,
530,CPU temp,92,,48,,12/10/2024 00:40:13,53.796505,48.627625,
531,CPU temp,45,,30,,12/10/2024 00:40:13,61.028843,97.33684,
532,CPU temp,91,,45,,12/10/2024 00:40:14,36.111553,23.831095,
533,CPU temp,42,,16,,12/10/2024 00:40:14,57.332233,48.34117,
534,CPU temp,83,,56,,12/10/2024 00:40:14,33.75276,9.077032,
535,CPU temp,17,,40,,12/10/2024 00:40:14,19.393557,22.382858,
536,CPU temp,27,,98,,12/10/2024 00:40:14,56.20777,23.181643,
537,CPU temp,16,,78,,12/10/2024 00:40:14,42.104366,74.111435,
538,CPU temp,25,,16,,12/10/2024 00:40:14,70.765625,95.48213,
539,CPU temp,63,,37,,12/10/2024 00:40:14,54.420734,98.642815,
540,CPU temp,63,,51,,12/10/2024 00:40:14,8.901691,9.501191,
541,CPU temp,53,,58,,12/10/2024 00:40:14,14.961407,55.221764,
542,CPU temp,72,,49,,12/10/2024 00:40:14,3.3436856,24.209703,
543,CPU temp,77,,48,,12/10/2024 00:40:14,90.498,6.501854,
544,CPU temp,70,,75,,12/10/2024 00:40:14,87.01798,87.80767,
545,CPU temp,8,,37,,12/10/2024 00:40:14,88.95752,74.58029,
546,CPU temp,74,,36,,12/10/2024 00:40:14,32.723408,23.331715,
547,CPU temp,88,,49,,12/10/2024 00:40:14,79.92907,51.444492,
548,CPU temp,97,,51,,12/10/2024 00:40:14,33.870792,86.97008,
549,CPU temp,16,,65,,12/10/2024 00:40:14,85.82517,31.361982,
550,CPU temp,47,,45,,12/10/2024 00:40:14,57.848118,35.148766,
551,CPU temp,75,,12,,12/10/2024 00:40:14,58.483463,51.128967,
552,CPU temp,80,,46,,12/10/2024 00:40:14,7.479146,43.196106,
553,CPU temp,95,,41,,12/10/2024 00:40:14,9.806374,95.12455,
554,CPU temp,43,,10,,12/10/2024 00:40:14,85.955696,84.40383,
555,CPU temp,99,,59,,12/10/2024 00:40:14,81.5566,11.517151,
556,CPU temp,89,,48,,12/10/2024 00:40:14,30.296242,48.974133,
557,CPU temp,34,,69,,12/10/2024 00:40:14,44.840572,36.068,
558,CPU temp,87,,38,,12/10/2024 00:40:14,35.256737,38.49752,
559,CPU temp,15,,67,,12/10/2024 00:40:14,1.3274709,56.819305,
560,CPU temp,32,,45,,12/10/2024 00:40:14,7.965,33.77583,
561,CPU temp,26,,66,,12/10/2024 00:40:14,80.387634,60.47292,
562,CPU temp,71,,14,,12/10/2024 00:40:14,42.88788,41.150005,
563,CPU temp,7,,50,,12/10/2024 00:40:14,79.12167,75.5811,
564,CPU temp,62,,15,,12/10/2024 00:40:14,61.33733,82.185936,
565,CPU temp,72,,56,,12/10/2024 00:40:14,11.4744005,14.480681,
566,CPU temp,23,,4,,12/10/2024 00:40:14,6.2499995,84.842064,
567,CPU temp,66,,32,,12/10/2024 00:40:14,79.321266,74.86009,
568,CPU temp,47,,81,,12/10/2024 00:40:14,71.286644,81.07564,
569,CPU temp,24,,58,,12/10/2024 00:40:14,71.04617,59.526634,
570,CPU temp,16,,7,,12/10/2024 00:40:14,20.656351,95.214386,
571,CPU temp,50,,5,,12/10/2024 00:40:14,83.99908,52.229984,
572,CPU temp,99,,21,,12/10/2024 00:40:14,60.114918,46.889088,
573,CPU temp,11,,45,,12/10/2024 00:40:14,43.78873,61.504295,
574,CPU temp,97,,50,,12/10/2024 00:40:14,55.022343,14.875409,
575,CPU temp,32,,8,,12/10/2024 00:40:14,64.84098,47.224884,
576,CPU temp,33,,51,,12/10/2024 00:40:14,47.367985,90.11771,
577,CPU temp,6,,91,,12/10/2024 00:40:14,99.11546,86.93775,
578,CPU temp,84,,83,,12/10/2024 00:40:14,23.342825,56.6755,
579,CPU temp,71,,77,,12/10/2024 00:40:14,88.52012,7.408403,
580,CPU temp,22,,48,,12/10/2024 00:40:14,95.62432,83.409584,
581,CPU temp,92,,70,,12/10/2024 00:40:14,45.407646,70.416016,
582,CPU temp,52,,23,,12/10/2024 00:40:14,74.89434,22.331196,
583,CPU temp,36,,24,,12/10/2024 00:40:14,10.927419,72.504524,
584,CPU temp,64,,56,,12/10/2024 00:40:14,97.43236,12.230146,
585,CPU temp,46,,97,,12/10/2024 00:40:14,82.5787,53.02985,
586,CPU temp,55,,94,,12/10/2024 00:40:14,9.1034,60.625374,
587,CPU temp,1,,39,,12/10/2024 00:40:14,89.82786,57.72933,
588,CPU temp,56,,65,,12/10/2024 00:40:14,21.692444,4.4613976,
589,CPU temp,49,,74,,12/10/2024 00:40:14,32.46875,52.949688,
590,CPU temp,92,,60,,12/10/2024 00:40:14,35.501114,6.2331047,
591,CPU temp,78,,64,,12/10/2024 00:40:14,69.41448,10.715465,
592,CPU temp,64,,7,,12/10/2024 00:40:14,40.131683,56.663204,
593,CPU temp,8,,88,,12/10/2024 00:40:14,98.798904,24.520962,
594,CPU temp,62,,52,,12/10/2024 00:40:14,67.6743,73.48594,
595,CPU temp,23,,85,,12/10/2024 00:40:14,75.0981,62.60934,
596,CPU temp,14,,58,,12/10/2024 00:40:14,72.084946,46.319813,
597,CPU temp,36,,61,,12/10/2024 00:40:14,16.612976,64.24023,
598,CPU temp,26,,78,,12/10/2024 00:40:14,29.95627,12.998413,
599,CPU temp,19,,92,,12/10/2024 00:40:14,74.60928,34.008396,
600,CPU temp,82,,75,,12/10/2024 00:40:14,6.5092354,3.0234408,
601,CPU temp,24,,27,,12/10/2024 00:40:14,93.55409,43.847218,
602,CPU temp,39,,99,,12/10/2024 00:40:14,69.544,31.827337,
603,CPU temp,39,,23,,12/10/2024 00:40:14,79.275406,48.519127,
604,CPU temp,42,,9,,12/10/2024 00:40:14,96.33552,58.00315,
605,CPU temp,89,,78,,12/10/2024 00:40:14,92.53781,27.158342,
606,CPU temp,99,,3,,12/10/2024 00:40:14,93.66582,30.25262,
607,CPU temp,25,,55,,12/10/2024 00:40:14,24.016657,36.130627,
608,CPU temp,7,,64,,12/10/2024 00:40:14,19.20944,75.621765,
609,CPU temp,54,,6,,12/10/2024 00:40:14,69.28923,27.259014,
610,CPU temp,46,,51,,12/10/2024 00:40:14,53.993,89.20581,
611,CPU temp,2,,82,,12/10/2024 00:40:14,3.304927,1.1928626,
612,CPU temp,41,,43,,12/10/2024 00:40:14,49.061337,4.1867948,
613,CPU temp,34,,23,,12/10/2024 00:40:14,50.831963,16.217386,
614,CPU temp,80,,75,,12/10/2024 00:40:14,34.698597,66.5236,
615,CPU temp,36,,18,,12/10/2024 00:40:14,63.076603,63.517944,
616,CPU temp,54,,67,,12/10/2024 00:40:14,64.97866,2.2575903,
617,CPU temp,69,,9,,12/10/2024 00:40:14,75.885,32.953415,
618,CPU temp,37,,49,,12/10/2024 00:40:14,59.28534,91.840004,
619,CPU temp,2,,14,,12/10/2024 00:40:14,33.359627,27.854877,
620,CPU temp,92,,92,,12/10/2024 00:40:14,4.1683855,80.66931,
621,CPU temp,77,,36,,12/10/2024 00:40:14,48.11239,40.421337,
622,CPU temp,6,,40,,12/10/2024 00:40:14,49.887478,86.69488,
623,CPU temp,52,,79,,12/10/2024 00:40:14,10.277639,45.933563,
624,CPU temp,85,,4,,12/10/2024 00:40:14,51.048206,66.368996,
625,CPU temp,97,,90,,12/10/2024 00:40:14,17.615646,99.84267,
626,CPU temp,30,,99,,12/10/2024 00:40:14,2.7982264,50.085327,
627,CPU temp,1,,88,,12/10/2024 00:40:14,17.120672,69.26161,
628,CPU temp,10,,63,,12/10/2024 00:40:14,59.691967,75.78858,
629,CPU temp,69,,78,,12/10/2024 00:40:14,60.532784,66.19015,
630,CPU temp,10,,41,,12/10/2024 00:40:14,19.219612,66.94695,
631,CPU temp,59,,96,,12/10/2024 00:40:14,9.44194,76.252266,
632,CPU temp,64,,80,,12/10/2024 00:40:14,91.43523,20.60513,
633,CPU temp,51,,59,,12/10/2024 00:40:15,18.168858,29.684273,
634,CPU temp,79,,77,,12/10/2024 00:40:15,61.77249,5.888004,
635,CPU temp,80,,60,,12/10/2024 00:40:15,13.826011,93.565,
636,CPU temp,61,,97,,12/10/2024 00:40:15,76.82383,4.983147,
637,CPU temp,40,,2,,12/10/2024 00:40:15,72.4249,51.09095,
638,CPU temp,87,,40,,12/10/2024 00:40:15,98.93457,65.89854,
639,CPU temp,21,,87,,12/10/2024 00:40:15,22.893566,53.21686,
640,CPU temp,82,,57,,12/10/2024 00:40:15,24.189865,3.6896782,
641,CPU temp,81,,12,,12/10/2024 00:40:15,55.237103,73.02224,
642,CPU temp,1,,24,,12/10/2024 00:40:15,40.19008,89.1133,
643,CPU temp,22,,34,,12/10/2024 00:40:15,81.036125,7.6848655,
644,CPU temp,22,,71,,12/10/2024 00:40:15,70.09891,66.31962,
645,CPU temp,59,,4,,12/10/2024 00:40:15,55.616787,33.3515,
646,CPU temp,97,,47,,12/10/2024 00:40:15,45.767353,39.96299,
647,CPU temp,77,,67,,12/10/2024 00:40:15,54.846767,15.554503,
648,CPU temp,13,,98,,12/10/2024 00:40:15,77.311874,22.880934,
649,CPU temp,80,,93,,12/10/2024 00:40:15,89.10018,0.12191658,
650,CPU temp,61,,1,,12/10/2024 00:40:15,28.501583,13.774452,
651,CPU temp,55,,84,,12/10/2024 00:40:15,13.6935835,91.72886,
652,CPU temp,38,,17,,12/10/2024 00:40:15,95.14455,96.4265,
653,CPU temp,4,,30,,12/10/2024 00:40:15,75.67346,52.893517,
654,CPU temp,8,,64,,12/10/2024 00:40:15,27.909582,48.46699,
655,CPU temp,47,,91,,12/10/2024 00:40:15,11.743876,78.65873,
656,CPU temp,23,,22,,12/10/2024 00:40:15,71.45426,98.07747,
657,CPU temp,14,,51,,12/10/2024 00:40:15,23.765272,23.854689,
658,CPU temp,83,,4,,12/10/2024 00:40:15,99.32847,49.85774,
659,CPU temp,81,,49,,12/10/2024 00:40:15,6.2630496,89.2225,
660,CPU temp,34,,78,,12/10/2024 00:40:15,92.59627,35.77798,
661,CPU temp,58,,39,,12/10/2024 00:40:15,85.44585,87.19465,
662,CPU temp,88,,35,,12/10/2024 00:40:15,13.9398155,14.122487,
663,CPU temp,37,,52,,12/10/2024 00:40:15,56.989594,51.51631,
664,CPU temp,4,,4,,12/10/2024 00:40:15,25.466736,24.19052,
665,CPU temp,15,,31,,12/10/2024 00:40:15,82.816696,24.607286,
666,CPU temp,6,,6,,12/10/2024 00:40:15,26.509953,32.77231,
667,CPU temp,30,,91,,12/10/2024 00:40:15,40.59031,80.87017,
668,CPU temp,35,,59,,12/10/2024 00:40:15,43.296783,27.895182,
669,CPU temp,33,,66,,12/10/2024 00:40:15,95.55276,6.358314,
670,CPU temp,36,,92,,12/10/2024 00:40:15,66.411736,27.158745,
671,CPU temp,79,,49,,12/10/2024 00:40:15,59.425972,90.96812,
672,CPU temp,85,,92,,12/10/2024 00:40:15,56.72063,64.3052,
673,CPU temp,78,,47,,12/10/2024 00:40:15,42.125614,25.950434,
674,CPU temp,98,,48,,12/10/2024 00:40:15,63.79171,71.293236,
675,CPU temp,34,,43,,12/10/2024 00:40:15,94.52049,8.690912,
676,CPU temp,20,,92,,12/10/2024 00:40:15,23.663706,94.646034,
677,CPU temp,74,,39,,12/10/2024 00:40:15,62.188038,35.519985,
678,CPU temp,27,,28,,12/10/2024 00:40:15,24.355928,96.8162,
679,CPU temp,39,,10,,12/10/2024 00:40:15,5.2251773,71.10721,
680,CPU temp,10,,24,,12/10/2024 00:40:15,22.87567,26.109165,
681,CPU temp,6,,5,,12/10/2024 00:40:15,86.92983,48.836517,
682,CPU temp,36,,15,,12/10/2024 00:40:15,50.134293,96.89164,
683,CPU temp,77,,7,,12/10/2024 00:40:15,58.949287,68.0446,
684,CPU temp,23,,84,,12/10/2024 00:40:15,39.412872,62.468613,
685,CPU temp,48,,95,,12/10/2024 00:40:15,81.3043,9.219327,
686,CPU temp,45,,24,,12/10/2024 00:40:15,49.94752,62.562313,
687,CPU temp,53,,82,,12/10/2024 00:40:15,69.00572,86.33011,
688,CPU temp,76,,77,,12/10/2024 00:40:15,27.741152,53.434467,
689,CPU temp,83,,62,,12/10/2024 00:40:15,81.93286,78.93484,
690,CPU temp,59,,84,,12/10/2024 00:40:15,23.138494,2.9147642,
691,CPU temp,20,,62,,12/10/2024 00:40:15,40.92872,35.259007,
692,CPU temp,98,,43,,12/10/2024 00:40:15,99.02212,22.595888,
693,CPU temp,34,,75,,12/10/2024 00:40:15,39.672768,63.541515,
694,CPU temp,3,,24,,12/10/2024 00:40:15,76.51283,41.129963,
695,CPU temp,2,,53,,12/10/2024 00:40:15,79.669846,69.15349,
696,CPU temp,52,,72,,12/10/2024 00:40:15,80.72138,78.697525,
697,CPU temp,31,,84,,12/10/2024 00:40:15,18.427471,83.479355,
698,CPU temp,31,,83,,12/10/2024 00:40:15,17.711546,47.400547,
699,CPU temp,66,,23,,12/10/2024 00:40:15,32.699085,46.69803,
700,CPU temp,86,,36,,12/10/2024 00:40:15,73.482414,65.58002,
701,CPU temp,85,,71,,12/10/2024 00:40:15,21.701994,55.687588,
702,CPU temp,12,,50,,12/10/2024 00:40:15,75.839775,18.466042,
703,CPU temp,2,,36,,12/10/2024 00:40:15,99.72899,45.87711,
704,CPU temp,17,,68,,12/10/2024 00:40:15,44.946777,27.004139,
705,CPU temp,18,,86,,12/10/2024 00:40:15,89.79363,62.38196,
706,CPU temp,50,,19,,12/10/2024 00:40:15,95.11442,16.104126,
707,CPU temp,14,,22,,12/10/2024 00:40:15,65.336266,57.067295,
708,CPU temp,80,,7,,12/10/2024 00:40:15,50.742065,28.842443,
709,CPU temp,58,,51,,12/10/2024 00:40:15,11.79964,26.22088,
710,CPU temp,27,,27,,12/10/2024 00:40:15,91.53747,85.86621,
711,CPU temp,60,,31,,12/10/2024 00:40:15,6.7776027,70.54898,
712,CPU temp,98,,39,,12/10/2024 00:40:15,9.701783,95.3049,
713,CPU temp,99,,12,,12/10/2024 00:40:15,34.500374,80.15806,
714,CPU temp,34,,26,,12/10/2024 00:40:15,53.757202,11.073947,
715,CPU temp,73,,59,,12/10/2024 00:40:15,54.9177,78.5697,
716,CPU temp,58,,4,,12/10/2024 00:40:15,97.04174,62.043804,
717,CPU temp,36,,34,,12/10/2024 00:40:15,3.718206,89.94227,
718,CPU temp,99,,54,,12/10/2024 00:40:15,17.41115,68.147896,
719,CPU temp,76,,32,,12/10/2024 00:40:15,20.981825,18.338774,
720,CPU temp,24,,30,,12/10/2024 00:40:15,45.46635,68.70774,
721,CPU temp,30,,80,,12/10/2024 00:40:15,89.98349,85.05953,
722,CPU temp,65,,51,,12/10/2024 00:40:15,10.562609,36.65865,
723,CPU temp,8,,68,,12/10/2024 00:40:15,46.961376,24.571781,
724,CPU temp,27,,1,,12/10/2024 00:40:15,82.60427,48.879234,
725,CPU temp,10,,41,,12/10/2024 00:40:15,20.63723,50.78047,
726,CPU temp,41,,51,,12/10/2024 00:40:15,35.678295,87.84976,
727,CPU temp,17,,53,,12/10/2024 00:40:15,64.66701,41.022484,
728,CPU temp,52,,22,,12/10/2024 00:40:15,19.136885,30.205318,
729,CPU temp,56,,22,,12/10/2024 00:40:15,66.67756,50.138916,
730,CPU temp,94,,3,,12/10/2024 00:40:15,54.97535,1.0904268,
731,CPU temp,85,,26,,12/10/2024 00:40:15,2.2523174,3.678822,
732,CPU temp,58,,56,,12/10/2024 00:40:15,21.970045,80.874466,
733,CPU temp,23,,58,,12/10/2024 00:40:15,56.737186,46.924526,
734,CPU temp,93,,65,,12/10/2024 00:40:15,61.295322,28.895159,
735,CPU temp,28,,40,,12/10/2024 00:40:15,18.309616,74.77733,
736,CPU temp,66,,19,,12/10/2024 00:40:15,21.69852,11.239921,
737,CPU temp,95,,83,,12/10/2024 00:40:15,80.97564,86.965996,
738,CPU temp,93,,78,,12/10/2024 00:40:16,87.94122,1.4511876,
739,CPU temp,26,,21,,12/10/2024 00:40:16,35.255157,59.776367,
740,CPU temp,25,,29,,12/10/2024 00:40:16,14.5399,40.02184,
741,CPU temp,60,,43,,12/10/2024 00:40:16,39.631084,89.43126,
742,CPU temp,79,,81,,12/10/2024 00:40:16,22.8144,72.81705,
743,CPU temp,79,,16,,12/10/2024 00:40:16,63.521206,94.38171,
744,CPU temp,2,,84,,12/10/2024 00:40:16,43.20387,81.39472,
745,CPU temp,79,,51,,12/10/2024 00:40:16,27.064274,11.495449,
746,CPU temp,41,,82,,12/10/2024 00:40:16,89.98836,1.8504,
747,CPU temp,85,,90,,12/10/2024 00:40:16,40.939102,7.821508,
748,CPU temp,75,,7,,12/10/2024 00:40:16,38.142117,34.199005,
749,CPU temp,2,,84,,12/10/2024 00:40:16,72.77384,23.97968,
750,CPU temp,38,,28,,12/10/2024 00:40:16,19.267197,24.26836,
751,CPU temp,6,,99,,12/10/2024 00:40:16,41.693554,81.541336,
752,CPU temp,54,,88,,12/10/2024 00:40:16,41.551254,88.35124,
753,CPU temp,47,,71,,12/10/2024 00:40:16,7.344255,83.16426,
754,CPU temp,87,,85,,12/10/2024 00:40:16,82.660736,69.84242,
755,CPU temp,57,,7,,12/10/2024 00:40:16,64.33079,51.328003,
756,CPU temp,50,,17,,12/10/2024 00:40:16,81.27759,80.98221,
757,CPU temp,25,,99,,12/10/2024 00:40:16,86.97214,66.84018,
758,CPU temp,62,,28,,12/10/2024 00:40:16,87.92036,18.462124,
759,CPU temp,82,,15,,12/10/2024 00:40:16,62.92008,95.18858,
760,CPU temp,81,,5,,12/10/2024 00:40:16,44.67922,35.670246,
761,CPU temp,87,,78,,12/10/2024 00:40:16,87.63998,2.9488525,
762,CPU temp,9,,49,,12/10/2024 00:40:16,72.5293,76.29141,
763,CPU temp,97,,27,,12/10/2024 00:40:16,4.131721,20.578276,
764,CPU temp,49,,73,,12/10/2024 00:40:16,48.713318,41.489784,
765,CPU temp,40,,79,,12/10/2024 00:40:16,66.58468,53.229523,
766,CPU temp,54,,57,,12/10/2024 00:40:16,47.931534,27.2055,
767,CPU temp,1,,69,,12/10/2024 00:40:16,38.953568,46.643635,
768,CPU temp,72,,83,,12/10/2024 00:40:16,87.72148,93.804214,
769,CPU temp,49,,60,,12/10/2024 00:40:16,21.334793,75.639015,
770,CPU temp,64,,67,,12/10/2024 00:40:16,27.326185,9.2963705,
771,CPU temp,6,,7,,12/10/2024 00:40:16,4.309854,55.947826,
772,CPU temp,27,,33,,12/10/2024 00:40:16,38.924488,4.109882,
773,CPU temp,7,,12,,12/10/2024 00:40:16,98.61389,50.884098,
774,CPU temp,37,,40,,12/10/2024 00:40:16,57.294254,81.916275,
775,CPU temp,73,,89,,12/10/2024 00:40:16,69.220024,13.221429,
776,CPU temp,73,,45,,12/10/2024 00:40:16,87.5915,36.339424,
777,CPU temp,81,,82,,12/10/2024 00:40:16,36.197296,89.316025,
778,CPU temp,39,,23,,12/10/2024 00:40:16,38.48163,98.589584,
779,CPU temp,20,,55,,12/10/2024 00:40:16,10.737859,74.06808,
780,CPU temp,90,,45,,12/10/2024 00:40:16,31.553629,2.7277734,
781,CPU temp,54,,11,,12/10/2024 00:40:16,87.3922,82.20429,
782,CPU temp,23,,23,,12/10/2024 00:40:16,3.004757,98.6286,
783,CPU temp,25,,28,,12/10/2024 00:40:16,5.5561585,57.39773,
784,CPU temp,6,,79,,12/10/2024 00:40:16,51.94245,68.67938,
785,CPU temp,48,,68,,12/10/2024 00:40:16,45.10185,97.8949,
786,CPU temp,20,,46,,12/10/2024 00:40:16,25.181938,48.5024,
787,CPU temp,19,,7,,12/10/2024 00:40:16,32.484325,69.60566,
788,CPU temp,93,,78,,12/10/2024 00:40:16,73.27739,32.05287,
789,CPU temp,18,,74,,12/10/2024 00:40:16,66.405304,9.741093,
790,CPU temp,30,,1,,12/10/2024 00:40:16,15.113155,83.03184,
791,CPU temp,7,,67,,12/10/2024 00:40:16,95.56309,88.755295,
792,CPU temp,7,,60,,12/10/2024 00:40:16,85.66344,25.906284,
793,CPU temp,30,,30,,12/10/2024 00:40:16,70.94379,36.527847,
794,CPU temp,82,,88,,12/10/2024 00:40:16,72.82689,12.764638,
795,CPU temp,78,,96,,12/10/2024 00:40:16,93.62078,21.834337,
796,CPU temp,75,,88,,12/10/2024 00:40:16,20.684326,87.53694,
797,CPU temp,1,,95,,12/10/2024 00:40:16,48.953518,0.92466515,
798,CPU temp,53,,54,,12/10/2024 00:40:16,87.85195,23.216259,
799,CPU temp,57,,6,,12/10/2024 00:40:16,53.580036,78.68471,
800,CPU temp,53,,48,,12/10/2024 00:40:16,9.827682,23.231138,
801,CPU temp,98,,42,,12/10/2024 00:40:16,21.256496,94.589005,
802,CPU temp,37,,31,,12/10/2024 00:40:16,92.92289,59.55145,
803,CPU temp,79,,5,,12/10/2024 00:40:16,5.3453116,62.558754,
804,CPU temp,49,,64,,12/10/2024 00:40:16,6.347781,61.698284,
805,CPU temp,79,,93,,12/10/2024 00:40:16,12.354282,55.595974,
806,CPU temp,29,,77,,12/10/2024 00:40:16,95.61317,56.630062,
807,CPU temp,92,,9,,12/10/2024 00:40:16,6.547099,11.180726,
808,CPU temp,88,,48,,12/10/2024 00:40:16,25.093922,59.305645,
809,CPU temp,95,,14,,12/10/2024 00:40:16,11.119334,4.238571,
810,CPU temp,19,,38,,12/10/2024 00:40:16,14.996934,98.92944,
811,CPU temp,12,,86,,12/10/2024 00:40:16,15.315774,20.485167,
812,CPU temp,71,,39,,12/10/2024 00:40:16,25.80711,26.715641,
813,CPU temp,61,,71,,12/10/2024 00:40:16,88.49967,54.77744,
814,CPU temp,82,,79,,12/10/2024 00:40:16,75.472374,58.72237,
815,CPU temp,69,,77,,12/10/2024 00:40:16,0.7798604,69.915115,
816,CPU temp,28,,14,,12/10/2024 00:40:16,87.27332,68.96834,
817,CPU temp,5,,6,,12/10/2024 00:40:16,94.33194,14.570863,
818,CPU temp,71,,7,,12/10/2024 00:40:16,11.274406,87.16193,
819,CPU temp,45,,9,,12/10/2024 00:40:16,26.224468,75.866486,
820,CPU temp,49,,20,,12/10/2024 00:40:16,65.21384,70.60685,
821,CPU temp,11,,88,,12/10/2024 00:40:16,29.604462,1.0093167,
822,CPU temp,61,,57,,12/10/2024 00:40:16,0.66580516,46.65052,
823,CPU temp,10,,23,,12/10/2024 00:40:16,79.68775,60.325768,
824,CPU temp,57,,72,,12/10/2024 00:40:16,82.743385,57.95996,
825,CPU temp,43,,85,,12/10/2024 00:40:16,4.600758,34.53068,
826,CPU temp,92,,50,,12/10/2024 00:40:16,80.340065,25.103552,
827,CPU temp,90,,98,,12/10/2024 00:40:16,60.29527,20.550154,
828,CPU temp,72,,70,,12/10/2024 00:40:16,15.82736,93.38853,
829,CPU temp,75,,78,,12/10/2024 00:40:16,27.572016,58.310616,
830,CPU temp,45,,79,,12/10/2024 00:40:16,4.870578,43.150875,
831,CPU temp,65,,84,,12/10/2024 00:40:16,11.9113035,97.28594,
832,CPU temp,11,,9,,12/10/2024 00:40:16,78.748276,83.39007,
833,CPU temp,2,,89,,12/10/2024 00:40:16,72.1547,35.11083,
834,CPU temp,66,,81,,12/10/2024 00:40:16,74.41862,8.165376,
835,CPU temp,74,,80,,12/10/2024 00:40:16,57.402794,58.596127,
836,CPU temp,55,,82,,12/10/2024 00:40:16,5.694391,31.313784,
837,CPU temp,73,,62,,12/10/2024 00:40:16,60.521442,17.903095,
838,CPU temp,91,,53,,12/10/2024 00:40:17,9.888913,99.56342,
839,CPU temp,23,,72,,12/10/2024 00:40:17,76.193665,11.776522,
840,CPU temp,57,,21,,12/10/2024 00:40:17,81.33351,6.6292505,
841,CPU temp,37,,72,,12/10/2024 00:40:17,9.511426,92.488594,
842,CPU temp,71,,36,,12/10/2024 00:40:17,95.793655,31.10548,
843,CPU temp,40,,99,,12/10/2024 00:40:17,9.573962,19.615019,
844,CPU temp,96,,3,,12/10/2024 00:40:17,44.908855,90.03163,
845,CPU temp,44,,84,,12/10/2024 00:40:17,88.736946,13.54644,
846,CPU temp,31,,97,,12/10/2024 00:40:17,53.00535,29.803413,
847,CPU temp,92,,87,,12/10/2024 00:40:17,36.606613,93.66784,
848,CPU temp,20,,81,,12/10/2024 00:40:17,74.074974,29.110777,
849,CPU temp,55,,21,,12/10/2024 00:40:17,90.406906,19.339338,
850,CPU temp,78,,25,,12/10/2024 00:40:17,87.157875,71.21894,
851,CPU temp,49,,45,,12/10/2024 00:40:17,12.451914,28.12358,
852,CPU temp,97,,94,,12/10/2024 00:40:17,37.435665,74.83554,
853,CPU temp,40,,46,,12/10/2024 00:40:17,68.11083,1.2705462,
854,CPU temp,75,,20,,12/10/2024 00:40:17,40.658756,41.18299,
855,CPU temp,26,,43,,12/10/2024 00:40:17,17.424568,20.362581,
856,CPU temp,18,,61,,12/10/2024 00:40:17,69.00565,76.3199,
857,CPU temp,37,,78,,12/10/2024 00:40:17,43.209217,25.0349,
858,CPU temp,56,,67,,12/10/2024 00:40:17,3.3684564,73.89449,
859,CPU temp,33,,36,,12/10/2024 00:40:17,88.11911,31.977104,
860,CPU temp,58,,87,,12/10/2024 00:40:17,93.233665,33.436047,
861,CPU temp,23,,73,,12/10/2024 00:40:17,15.456861,38.881317,
862,CPU temp,29,,46,,12/10/2024 00:40:17,60.022984,32.662907,
863,CPU temp,3,,33,,12/10/2024 00:40:17,33.228645,15.614368,
864,CPU temp,47,,38,,12/10/2024 00:40:17,78.95056,82.99199,
865,CPU temp,48,,81,,12/10/2024 00:40:17,84.926414,4.645934,
866,CPU temp,94,,26,,12/10/2024 00:40:17,61.177933,25.159386,
867,CPU temp,22,,26,,12/10/2024 00:40:17,24.458662,43.650517,
868,CPU temp,42,,92,,12/10/2024 00:40:17,62.86592,12.653602,
869,CPU temp,22,,65,,12/10/2024 00:40:17,84.94115,66.898964,
870,CPU temp,70,,44,,12/10/2024 00:40:17,64.21471,21.351866,
871,CPU temp,85,,40,,12/10/2024 00:40:17,30.698715,12.711203,
872,CPU temp,59,,38,,12/10/2024 00:40:17,64.10949,86.84078,
873,CPU temp,51,,7,,12/10/2024 00:40:17,59.48443,0.9360141,
874,CPU temp,19,,57,,12/10/2024 00:40:17,37.459602,58.756744,
875,CPU temp,5,,69,,12/10/2024 00:40:17,9.139066,40.96012,
876,CPU temp,21,,47,,12/10/2024 00:40:17,5.6112485,43.621315,
877,CPU temp,35,,80,,12/10/2024 00:40:17,17.826859,30.059832,
878,CPU temp,83,,84,,12/10/2024 00:40:17,84.77,24.813755,
879,CPU temp,6,,15,,12/10/2024 00:40:17,95.69748,15.763611,
880,CPU temp,79,,14,,12/10/2024 00:40:17,44.74634,69.044464,
881,CPU temp,44,,38,,12/10/2024 00:40:17,89.19796,27.782608,
882,CPU temp,71,,44,,12/10/2024 00:40:17,54.489212,39.7487,
883,CPU temp,42,,91,,12/10/2024 00:40:17,24.939474,84.64168,
884,CPU temp,12,,19,,12/10/2024 00:40:17,19.80061,12.715345,
885,CPU temp,90,,74,,12/10/2024 00:40:17,3.2217376,50.110287,
886,CPU temp,3,,61,,12/10/2024 00:40:17,73.30308,2.005587,
887,CPU temp,93,,71,,12/10/2024 00:40:17,7.816501,90.718506,
888,CPU temp,17,,26,,12/10/2024 00:40:17,80.49323,16.517756,
889,CPU temp,47,,39,,12/10/2024 00:40:17,62.856613,17.211267,
890,CPU temp,19,,70,,12/10/2024 00:40:17,1.0054122,8.699766,
891,CPU temp,15,,6,,12/10/2024 00:40:17,16.886862,9.372166,
892,CPU temp,84,,99,,12/10/2024 00:40:17,76.962036,16.371653,
893,CPU temp,2,,62,,12/10/2024 00:40:17,38.088238,37.353508,
894,CPU temp,46,,11,,12/10/2024 00:40:17,7.349335,56.801586,
895,CPU temp,22,,83,,12/10/2024 00:40:17,84.63456,93.774345,
896,CPU temp,78,,10,,12/10/2024 00:40:17,51.353584,43.95465,
897,CPU temp,36,,1,,12/10/2024 00:40:17,59.824356,2.381785,
898,CPU temp,55,,77,,12/10/2024 00:40:17,18.482227,79.81527,
899,CPU temp,82,,6,,12/10/2024 00:40:17,46.483273,67.925,
900,CPU temp,97,,45,,12/10/2024 00:40:17,45.88258,44.46241,
901,CPU temp,95,,44,,12/10/2024 00:40:17,2.4411478,84.97563,
902,CPU temp,47,,78,,12/10/2024 00:40:17,91.43403,25.416224,
903,CPU temp,2,,15,,12/10/2024 00:40:17,98.40468,1.2876091,
904,CPU temp,52,,78,,12/10/2024 00:40:17,92.423965,0.9166221,
905,CPU temp,1,,16,,12/10/2024 00:40:17,10.7736225,43.459812,
906,CPU temp,16,,53,,12/10/2024 00:40:17,72.855095,82.77033,
907,CPU temp,65,,12,,12/10/2024 00:40:17,14.086188,64.48828,
908,CPU temp,42,,80,,12/10/2024 00:40:17,61.65196,53.99134,
909,CPU temp,52,,77,,12/10/2024 00:40:17,52.65265,90.69654,
910,CPU temp,81,,3,,12/10/2024 00:40:17,94.39738,41.201733,
911,CPU temp,9,,12,,12/10/2024 00:40:17,87.19959,86.17655,
912,CPU temp,26,,88,,12/10/2024 00:40:17,48.689053,80.296425,
913,CPU temp,10,,1,,12/10/2024 00:40:17,23.811712,36.886375,
914,CPU temp,29,,88,,12/10/2024 00:40:17,41.3234,47.382504,
915,CPU temp,92,,31,,12/10/2024 00:40:17,26.841099,48.741848,
916,CPU temp,6,,54,,12/10/2024 00:40:17,41.31297,1.7726126,
917,CPU temp,65,,31,,12/10/2024 00:40:17,62.539608,72.33658,
918,CPU temp,54,,47,,12/10/2024 00:40:17,65.604866,75.08973,
919,CPU temp,65,,64,,12/10/2024 00:40:17,78.158485,34.27927,
920,CPU temp,77,,78,,12/10/2024 00:40:17,95.73633,88.02032,
921,CPU temp,72,,36,,12/10/2024 00:40:17,72.34773,20.577204,
922,CPU temp,92,,97,,12/10/2024 00:40:17,40.14173,92.47881,
923,CPU temp,97,,87,,12/10/2024 00:40:17,24.896223,81.62313,
924,CPU temp,44,,86,,12/10/2024 00:40:17,91.22682,19.133541,
925,CPU temp,4,,18,,12/10/2024 00:40:17,91.002304,93.76976,
926,CPU temp,21,,64,,12/10/2024 00:40:17,17.870226,85.18445,
927,CPU temp,55,,17,,12/10/2024 00:40:17,95.204544,51.546593,
928,CPU temp,97,,18,,12/10/2024 00:40:17,48.764286,97.56455,
929,CPU temp,59,,6,,12/10/2024 00:40:17,74.025444,67.435936,
930,CPU temp,51,,88,,12/10/2024 00:40:17,75.28742,95.68339,
931,CPU temp,11,,99,,12/10/2024 00:40:17,47.57254,56.58298,
932,CPU temp,13,,63,,12/10/2024 00:40:17,0.47162017,77.06952,
933,CPU temp,84,,30,,12/10/2024 00:40:17,99.93722,54.268547,
934,CPU temp,19,,43,,12/10/2024 00:40:17,4.226836,3.723896,
935,CPU temp,83,,23,,12/10/2024 00:40:17,91.41177,83.01989,
936,CPU temp,97,,19,,12/10/2024 00:40:17,52.923435,84.493965,
937,CPU temp,11,,85,,12/10/2024 00:40:17,6.519272,75.964584,
938,CPU temp,92,,57,,12/10/2024 00:40:17,74.21303,0.11771704,
939,CPU temp,84,,85,,12/10/2024 00:40:17,20.766172,23.578104,
940,CPU temp,57,,54,,12/10/2024 00:40:17,36.614563,63.499863,
941,CPU temp,77,,70,,12/10/2024 00:40:17,65.36919,79.42266,
942,CPU temp,96,,70,,12/10/2024 00:40:17,26.98107,26.249245,
943,CPU temp,74,,6,,12/10/2024 00:40:17,36.976326,15.46519,
944,CPU temp,31,,42,,12/10/2024 00:40:17,32.95086,64.489426,
945,CPU temp,44,,6,,12/10/2024 00:40:18,56.748535,10.895954,
946,CPU temp,28,,8,,12/10/2024 00:40:18,61.981983,43.761467,
947,CPU temp,43,,98,,12/10/2024 00:40:18,71.84845,91.783775,
948,CPU temp,6,,19,,12/10/2024 00:40:18,26.788868,79.709435,
949,CPU temp,62,,26,,12/10/2024 00:40:18,58.815098,26.870396,
950,CPU temp,80,,50,,12/10/2024 00:40:18,84.31648,70.01139,
951,CPU temp,76,,28,,12/10/2024 00:40:18,0.025736222,89.305214,
952,CPU temp,65,,22,,12/10/2024 00:40:18,65.748924,11.846378,
953,CPU temp,31,,20,,12/10/2024 00:40:18,7.120093,55.75689,
954,CPU temp,87,,44,,12/10/2024 00:40:18,68.230156,23.041288,
955,CPU temp,76,,36,,12/10/2024 00:40:18,62.733757,49.407696,
956,CPU temp,48,,61,,12/10/2024 00:40:18,96.59391,7.892495,
957,CPU temp,35,,97,,12/10/2024 00:40:18,12.983001,91.55707,
958,CPU temp,97,,39,,12/10/2024 00:40:18,38.859848,24.644564,
959,CPU temp,45,,38,,12/10/2024 00:40:18,61.673416,60.14049,
960,CPU temp,93,,4,,12/10/2024 00:40:18,14.9351635,95.36823,
961,CPU temp,48,,83,,12/10/2024 00:40:18,63.524433,92.59445,
962,CPU temp,58,,75,,12/10/2024 00:40:18,89.76739,80.547356,
963,CPU temp,82,,24,,12/10/2024 00:40:18,33.72766,1.7479203,
964,CPU temp,4,,83,,12/10/2024 00:40:18,58.801334,48.732265,
965,CPU temp,66,,23,,12/10/2024 00:40:18,25.663155,55.917255,
966,CPU temp,9,,22,,12/10/2024 00:40:18,22.614624,57.67168,
967,CPU temp,8,,54,,12/10/2024 00:40:18,79.36415,72.25768,
968,CPU temp,84,,91,,12/10/2024 00:40:18,9.438723,78.91415,
969,CPU temp,95,,62,,12/10/2024 00:40:18,5.663255,2.8344703,
970,CPU temp,44,,28,,12/10/2024 00:40:18,47.376007,4.7302203,
971,CPU temp,19,,74,,12/10/2024 00:40:18,53.62042,11.79451,
972,CPU temp,39,,30,,12/10/2024 00:40:18,46.631622,50.9113,
973,CPU temp,4,,49,,12/10/2024 00:40:18,28.295683,86.99009,
974,CPU temp,80,,35,,12/10/2024 00:40:18,53.045376,45.0389,
975,CPU temp,45,,62,,12/10/2024 00:40:18,91.209236,86.40429,
976,CPU temp,8,,84,,12/10/2024 00:40:18,36.870724,46.75697,
977,CPU temp,52,,77,,12/10/2024 00:40:18,48.077408,37.835815,
978,CPU temp,70,,88,,12/10/2024 00:40:18,32.2204,2.1124594,
979,CPU temp,68,,82,,12/10/2024 00:40:18,96.78605,99.39085,
980,CPU temp,25,,83,,12/10/2024 00:40:18,20.849367,92.42936,
981,CPU temp,54,,91,,12/10/2024 00:40:18,98.084564,53.59756,
982,CPU temp,98,,83,,12/10/2024 00:40:18,88.405014,1.3339219,
983,CPU temp,19,,13,,12/10/2024 00:40:18,17.495197,16.451895,
984,CPU temp,65,,87,,12/10/2024 00:40:18,82.68364,46.482563,
985,CPU temp,78,,89,,12/10/2024 00:40:18,20.520922,57.190727,
986,CPU temp,74,,60,,12/10/2024 00:40:18,24.004591,90.04249,
987,CPU temp,21,,12,,12/10/2024 00:40:18,8.064589,46.00213,
988,CPU temp,60,,75,,12/10/2024 00:40:18,67.52488,28.819246,
989,CPU temp,35,,72,,12/10/2024 00:40:18,29.937199,86.36663,
990,CPU temp,89,,3,,12/10/2024 00:40:18,27.586952,39.218456,
991,CPU temp,51,,53,,12/10/2024 00:40:18,57.63611,34.467384,
992,CPU temp,27,,60,,12/10/2024 00:40:18,67.69578,64.64628,
993,CPU temp,15,,73,,12/10/2024 00:40:18,45.356728,63.26359,
994,CPU temp,43,,9,,12/10/2024 00:40:18,39.04881,21.482336,
995,CPU temp,34,,8,,12/10/2024 00:40:18,26.332777,58.60395,
996,CPU temp,41,,89,,12/10/2024 00:40:18,76.87512,96.23186,
997,CPU temp,66,,15,,12/10/2024 00:40:18,27.266264,64.257484,
998,CPU temp,85,,77,,12/10/2024 00:40:18,10.124819,22.031866,
999,CPU temp,7,,44,,12/10/2024 00:40:18,34.724274,69.45083,
1000,CPU temp,66,,30,,12/10/2024 00:40:18,70.52214,32.19432,
